id;Question
0;Hvem skrev salmen De levendes Land?
1;I hvilket år blev De levendes Land skrevet?
2;Hvem skrev melodien til De Levendes Land og Far, verden, far vel?
3;I hvilket år blev De levendes Land udgivet posthumt?
4;Hvem udgav De levendes Land posthumt?
5;I hvilket år åbnede jernbaneforbindelsen over Storebælt?
6;Hvad er navnet på broen, der forbinder Sjælland og Sprogø?
7;Hvem indviede vejforbindelsen over Storebælt i 1998?
8;Hvad er højden på pylonerne, der bærer kablerne til hængebroen?
9;I hvilket år blev havvindmølleparken nord for Sprogø taget i brug?
10;I hvilket år blev sangen Drømmeland indspillet?
11;Hvem var komponisten bag sangen Drømmeland?
12;Hvem var tekstforfatterne til sangen Drømmeland?
13;I hvilken film var sangen Drømmeland af Aage Steffensen med?
14;Hvem var de to sangere, der fremførte sangen Drømmeland i Apollorevyen 1937?
15;Hvad er navnet på digtet fra 1896 skrevet af Sophus Claussen?
16;I hvilket år blev digtet Ekbatana udgivet?
17;Hvad er navnet på den person, der har sat musik til digtet Ekbatana og indspillet det på albummet 50 danske viser og sange?
18;Hvad er navnet på den kunstner, der har indsunget digtet Ekbatana på albummet Ekbátana?
19;Hvad er navnet på den oldtidsby, som digtet Ekbatana henviser til?
20;Hvem er forfatteren til bogen Enten - Eller?
21;I hvilket år blev bogen Enten - Eller udgivet?
22;Hvem er forfatteren af Enten-Eller?
23;Hvad er titlen på det andet brev fra assessor Wilhelm til forfatteren A, i Enten - Eller.?
24;Hvem er pseudonymet Victor Eremita?
25;I hvilket år blev filmen Babettes Gæstebud udgivet?
26;Hvem spillede hovedrollen som Babette i filmen Babettes Gæstebud?
27;Hvad er navnet på den restaurant, hvor Babette arbejdede som kok i Paris, i Babettes Gæstebud?
28;Hvem instruerede og skrev manuskriptet til filmen Babettes Gæstebud?
29;Hvad er navnet på den danske landsby, hvor filmen Babettes Gæstebud foregår?
30;Hvem er forfatteren til digtet Aften?
31;I hvilket år blev digtet Aften offentliggjort i Politiken?
32;Hvem satte musik til digtet Aften i 1915?
33;I hvilket år blev Aften indspillet af Pia Raug og Steve Dobrogosz på albummet Længsel?
34;Hvad er det folkelige navn for digtet Aften?
35;I hvilket år blev Musens sang indspillet?
36;Hvem skrev teksten til Musens sang?
37;Hvem komponerede musikken til Musens sang?
38;Hvem fremførte Musens sang i filmen Mød mig på Cassiopeia?
39;I hvilken film blev Musens sang brugt?
40;Hvem skrev salmen 'Den signede dag'?
41;Hvem komponerede melodien til 'Den signede dag'?
42;I hvilket år blev salmen 'Den signede dag' skrevet?
43;Hvor kan man bl.a. finde salmen 'Den signede dag'?
44;Hvad er nummeret på salmen 'Den signede dag' i Den Danske Salmebog?
45;I hvilket år havde Matador premiere på DR?
46;Hvem spillede rollen som Mads Skjern i Matador?
47;Hvem var hovedforfatter til Matador?
48;Hvad hed den fiktive by, hvor serien foregår?
49;Hvem komponerede temaet til Matador?
50;Hvem sang 'Den allersidste dans' i filmen 'Mød mig på Cassiopeia' fra 1951?
51;Hvem skrev musikken til 'Den allersidste dans'?
52;I hvilket år blev 'Den allersidste dans' indspillet af Kim Larsen & Belami?
53;Hvem komponerede melodien til 'Den allersidste dans', som er en vals med en let melankolsk tone?
54;Hvem skrev teksten til 'Den allersidste dans'?
55;Hvem sang 'Solitudevej' i revyen 'Cirkus Ib' fra 1953?
56;Hvem har skrevet teksten til 'Solitudevej'?
57;Hvad er navnet på gaden, hvor Gertrude venter på Kaj i sangen 'Solitudevej'?
58;Hvem har komponeret musikken til 'Solitudevej'?
59;I hvilket år blev 'Solitudevej' indspillet?
60;Hvem skrev sangen Dansevise?
61;I hvilket år vandt Dansevise Eurovision Song Contest?
62;Hvem sunget Dansevise ved Eurovision Song Contest i 1963?
63;Hvem akkompagnerede Grethe Ingmann på guitar ved Eurovision Song Contest i 1963?
64;Hvad var navnet på den engelske version af Dansevise?
65;Hvem komponerede Symfoni nr. 3?
66;Hvad er navnet på det orkester, der uropførte Symfoni nr. 3 i 1976?
67;Hvor mange satser har Symfoni nr. 3 af Per Nørgård?
68;Hvem dirigerede uropførelsen af Symfoni nr. 3 af Per Nørgård i 1976?
69;I hvilket år blev Symfoni nr. 3 af Per Nørgård komponeret?
70;I hvilket år blev Frederiksstaden påbegyndt?
71;Hvem var hovedarkitekten bag Frederiksstaden?
72;Hvad er navnet på den kirke, der er kendt som 'Marmorkirken' i Frederiksstaden?
73;I hvilket år blev rytterstatuen af Frederik V rejst i Frederiksstaden?
74;Hvem var kongen, der bestemte anlæggelsen af Frederiksstaden?
75;Hvornår blev Solvognen fundet?
76;Hvor blev Solvognen fundet?
77;Hvad er Solvognen lavet af?
78;Hvor er Solvognen i dag?
79;Hvad forestillede bronzealderens mennesker sig, at solen blev trukket over himlen af om dagen?
80;I hvilket år blev sangen I dit korte liv lanceret i Dagmar Revyen?
81;Hvem var komponisten bag sangen I dit korte liv?
82;Hvem skrev teksten til sangen I dit korte liv?
83;Hvem fremførte sangen I dit korte liv i revyen i 1941?
84;I hvilket år indspillede Kim Larsen & Kjukken sangen I dit korte liv?
85;Hvem sang 'Danse i måneskin' ved Dansk Melodi Grand Prix 1987?
86;Hvad var titlen på albummet med samme navn som sangen 'Danse i måneskin'?
87;Hvem var komponisten bag sangen 'Danse i måneskin'?
88;I hvilket år blev sangen 'Danse i måneskin' udgivet?
89;Hvem var tekstforfatteren til sangen 'Danse i måneskin'?
90;I hvilket år blev Symfoni-Antifoni komponeret?
91;Hvad er navnet på komponisten bag Symfoni-Antifoni?
92;Hvor mange satser indeholder Symfoni-Antifoni?
93;Hvad hedder den pris, som Symfoni-Antifoni modtog i 1980?
94;I hvilket år blev Symfoni-Antifoni inkluderet i Kulturkanonen?
95;Hvem var kunstneren bag skulpturen 'Den lille Havfrue'?
96;Hvad er navnet på den gade, hvor skulpturen 'Den lille Havfrue' er placeret?
97;I hvilket år blev skulpturen 'Den lille Havfrue' opstillet?
98;Hvem skænkede skulpturen 'Den lille Havfrue' til København?
99;Hvad er navnet på den danske forfatter, som skrev eventyret om Den lille Havfrue?
100;Hvor ligger Thorvald Bindesbølls Plads?
101;Hvad er navnet på den bevaringsværdige bygning på Thorvald Bindesbølls Plads?
102;Hvad er navnet på parken nær Thorvald Bindesbølls Plads?
103;I hvilken by ligger Thorvald Bindesbølls Plads?
104;Hvilken bydel er Thorvald Bindesbølls Plads en del af?
105;Hvem er forfatteren til skuespillet Anna Sophie Hedvig?
106;I hvilket år havde skuespillet Anna Sophie Hedvig premiere på Det Kgl. Teater?
107;Hvem spillede titelrollen i skuespillet Anna Sophie Hedvig ved premieren?
108;Hvem var nogle af de medvirkende skuespillere i skuespillet Anna Sophie Hedvig ved premieren?
109;Hvem instruerede TV-udgaven af Anna Sophie Hedvig fra 1974?
110;Hvem var tekstforfatter til sangen 'Man binder os på mund og hånd'?
111;Hvad er navnet på revyen, hvor sangen 'Man binder os på mund og hånd' blev fremført i 1940?
112;Hvem komponerede melodien til sangen 'Man binder os på mund og hånd'?
113;I hvilket år blev Danmark besat af Tyskland under 2. verdenskrig?
114;Hvem var sangerinden, der fremførte sangen 'Man binder os på mund og hånd' i revyen 'Dyveke'?
115;I hvilket år blev Paa Sneen udgivet?
116;Hvem er forfatteren til digtet Paa Sneen?
117;Hvad er navnet på samlingen, hvor Paa Sneen blev udgivet?
118;Hvor mange strofer består digtet Paa Sneen af?
119;Hvad er antallet af linjer i hver strofe i digtet Paa Sneen?
120;Hvad er En yndig og frydefuld sommertid også kendt som?
121;I hvilket år blev Danmarks Melodibog første bind udgivet?
122;Hvad er navnet på den folkevise, der sammenfaldende melodier med En yndig og frydefuld sommertid?
123;I hvilket år blev en liste over de 100 populæreste sange fra Højskolesangbogen udgivet, hvor En yndig og frydefuld sommertid var inkluderet?
124;Hvad er undertitlen på En yndig og frydefuld sommertid i Danmarks Melodibog første bind?
125;Hvem har skabt værket 'Jason med det gyldne skind'?
126;I hvilket år blev statuen 'Jason med det gyldne skind' færdig i marmor?
127;Hvem købte 'Jason med det gyldne skind' i marmor?
128;Hvor høj er statuen 'Jason med det gyldne skind'?
129;Hvor er statuen 'Jason med det gyldne skind' opstillet?
130;I hvilket år blev Septembers himmel er så blå skrevet?
131;Hvem skrev teksten til Septembers himmel er så blå?
132;Hvem komponerede melodien til Septembers himmel er så blå?
133;Hvor blev Septembers himmel er så blå skrevet?
134;Under hvilken titel præsenterede Danmarks Skoleradio Septembers himmel er så blå?
135;Hvem designede Kevihjulet?
136;I hvilket år designede Jørgen Rasmussen Kevihjulet?
137;Hvad var navnet på kontorstolen, som Jørgen Rasmussen designede sammen med sin bror Ib?
138;Hvad var det revolutionerende ved Kevihjulets design?
139;Hvilken pris modtog Jørgen Rasmussen for opfindelsen af Kevihjulet?
140;Hvem har skrevet sangen Pige træd varsomt?
141;Hvem har komponeret melodien til Pige træd varsomt?
142;I hvilket år blev sangen Pige træd varsomt første gang indspillet?
143;Hvem var den oprindelige sangerinde, der fremførte Pige træd varsomt i Co-optimistrevyen i 1926?
144;I hvilket år genbrugte Lulu Ziegler sangen Pige træd varsomt i revyen Slabang?
145;Hvem komponerede 'Kjöbenhavns Jernbane-Damp-Galop'?
146;I hvilket år blev 'Kjöbenhavns Jernbane-Damp-Galop' skrevet og offentliggjort?
147;Hvad var anledningen til kompositionen af 'Kjöbenhavns Jernbane-Damp-Galop'?
148;Hvad er et andet navn for 'Kjöbenhavns Jernbane-Damp-Galop'?
149;Hvor lå den første banegård i København, som var åbnet i 1847?
150;Hvem sang 'Gå med i lunden' i filmen Odds 777 fra 1932?
151;Hvem har skrevet teksten til 'Gå med i lunden'?
152;Hvem har komponeret musikken til 'Gå med i lunden'?
153;Hvad er navnet på den kunstner, der har indspillet 'Gå med i lunden' i 1995?
154;Hvad er navnet på den kunstner, der har indspillet 'Gå med i lunden' i 2008?
155;Hvad er navnet på det syvende studiealbum af den danske popgruppe tv·2?
156;I hvilket år blev albummet 'Nærmest lykkelig' udgivet?
157;Hvem er producerne bag albummet 'Nærmest lykkelig'?
158;Hvad er navnet på den første single fra albummet 'Nærmest lykkelig' af tv·2?
159;Hvor mange eksemplarer af albummet 'Nærmest lykkelig' er solgt?
160;Hvad er navnet på sangen, der er beskrevet i teksten?
161;Hvem har skrevet sangen 'Under bøgen'?
162;I hvilket år blev sangen 'Under bøgen' udgivet?
163;Hvad er navnet på albummet, hvor sangen 'Under bøgen' er inkluderet?
164;Hvem er forsangeren på Gnags' originale indspilning af 'Under bøgen'?
165;I hvilket år blev digtet det underste land udgivet?
166;Hvem er forfatteren bag digtet det underste land?
167;Hvad er undertitlen på digtet det underste land?
168;I hvilket blad blev digtet det underste land trykt i 1934?
169;Hvad er navnet på den amerikanske forfatter, som nævnes i undertitlen på digtet det underste land?
170;I hvilket år blev Dyrehaven oprettet?
171;Hvad er navnet på den restaurant, der ligger i Dyrehaven og er kendt for sin traditionelle dansk mad?
172;Hvad er navnet på den lille kilde, der ligger i Dyrehaven og er kendt for sit hellige vand?
173;I hvilket år blev Eremitageslottet bygget?
174;Hvad er navnet på den årlige jagt, der afholdes i Dyrehaven?
175;Hvem komponerede operaen 'Antikrist'?
176;Hvad er navnet på det teater, hvor 'Antikrist' blev uropført i 1999?
177;I hvilket år blev 'Antikrist' omarbejdet?
178;Hvad er navnet på den danske dirigent, der var initiativtager til opførelsen af 'Antikrist' i 1999?
179;Hvad er navnet på det danske orkester, der opførte 'Antikrist' koncertant i 1980?
180;I hvilket år blev Kongens Fald udgivet?
181;Hvem var forfatteren til Kongens Fald?
182;Hvad er navnet på den unge kvinde, som Mikkel Thøgersen forelsker sig i, i Kongens Fald?
183;I hvilket år fik Christian 2. sin fangenskab på Sønderborg slot?
184;Hvem var den danske konge, som blev slået i Slaget ved Hemmingstedt?
185;Hvad var Marie Gudme Leths nationalitet?
186;Hvornår blev Marie Gudme Leth født?
187;Hvor blev Marie Gudme Leth uddannet?
188;Hvad var navnet på Marie Gudme Leths eget værksted?
189;Hvornår døde Marie Gudme Leth?
190;I hvilket år blev albummet Svantes viser udgivet?
191;Hvem var produceren bag albummet Svantes viser?
192;Hvad er navnet på den fiktive person, som Benny Andersen hævder at have mødt i 1946, i Svantes Viser?
193;Hvilket instrument spillede Benny Andersen på albummet Svantes viser?
194;Hvem sang Svantes lykkelige dag i filmen Da Svante forsvandt?
195;Hvad er navnet på den kendte boligbebyggelse, der ligger på Østerbro i København? Den starter med B
196;Hvem var arkitekten bag Brumleby?
197;Hvad var navnet på den første brugsforening i København, der blev stiftet i Brumleby i 1868?
198;Hvem boede i Brumleby i perioden 1872-1877?
199;Hvad var oprindelsen til navnet 'Brumleby'?
200;Hvem skrev digtet Hakon Jarls Død eller Christendommens Indførsel i Norge?
201;I hvilket år blev digtsamlingen Digte 1803 udgivet?
202;Hvilken litterær periode indvarslede digtsamlingen "Digte 1803"?
203;Hvad var navnet på kongen, der overdrog kongemagten i Norge til Håkon?
204;Hvem deltog i oprøret, der resulterede i Håkons død?
205;Hvem er forfatteren til digtet Jeg hører i Natten den vuggende Lyd?
206;I hvilket år blev digtet Jeg hører i Natten den vuggende Lyd skrevet?
207;Hvad er navnet på den kvinde, som Holger Drachmann opfatter som eventyrfiguren Snehvide i digtet?
208;Hvor mange strofer indeholder digtet Jeg hører i Natten den vuggende Lyd?
209;Hvad er navnet på den by, som Holger Drachmann besøgte i 1876, og som inspirerede ham til at skrive digtet?
210;I hvilket år blev sangen Titte til hinanden indspillet?
211;Hvem sang Titte til hinanden i filmen Skal vi vædde en million??
212;Hvem komponerede melodien til Titte til hinanden?
213;Hvad er navnet på den film, hvor Titte til hinanden blev sunget?
214;Hvem skrev teksten til Titte til hinanden?
215;I hvilket år blev digtsamlingen Sjov i Danmark, eller som man ser det – satirisk sangværk udgivet?
216;Hvem er forfatteren til digtet Læren om staten?
217;Hvor mange strofer består digtet Læren om staten af?
218;I hvilken by studerede Jens August Schade statskundskab?
219;Hvad er navnet på det forlag, der udgav digtsamlingen Sjov i Danmark, eller som man ser det – satirisk sangværk?
220;Hvor lå Gedsermøllen?
221;I hvilket år blev Gedsermøllen opstillet?
222;Hvem designede Gedsermøllen?
223;Hvad var Gedsermøllens status på opstillingstidspunktet?
224;I hvilket år stoppede en gearkassehavari Gedsermøllen?
225;I hvilket år blev rytterstatuen af Frederik V indviet?
226;Hvem designede rytterstatuen af Frederik V?
227;Hvor lang tid tog det at fuldføre rytterstatuen af Frederik V?
228;Hvad var vægten af rytterstatuen af Frederik V?
229;Hvem var den kronprins, der bemærkede, at hans far var blevet alt for stor i forhold til hesten på rytterstatuen?
230;I hvilket år blev digtsamlingen Violinbyggernes by udgivet?
231;Hvem er forfatteren til digtsamlingen Violinbyggernes by?
232;Hvilket forlag udgav digtet i 1985?
233;Hvor mange linjer består digtet Violinbyggernes by af?
234;Hvor mange strofer består digtet af?
235;Hvad er navnet på filmens Alle går rundt og forelsker sig titlesang?
236;Hvem instruerede filmen 'Alle går rundt og forelsker sig'?
237;Hvem skrev manuskriptet til filmen 'Alle går rundt og forelsker sig'?
238;Hvad er navnet på den kvinde, der spiller hovedrollen i filmen 'Alle går rundt og forelsker sig'?
239;Hvornår havde filmen 'Alle går rundt og forelsker sig' premiere?
240;Hvem instruerede og skrev manuskriptet til filmen 'Soldaten og Jenny'?
241;Hvad er navnet på den kvinde, der spiller hovedrollen som Jenny i filmen 'Soldaten og Jenny'?
242;I hvilket år modtog filmen 'Soldaten og Jenny' Bodilprisen for bedste danske film?
243;Hvem spiller hovedrollen som Robert i filmen 'Soldaten og Jenny'?
244;Hvad er navnet på den statsadvokat, der optræder i filmen 'Soldaten og Jenny'?
245;Hvem instruerede filmen 'Du skal ære din hustru'?
246;Hvad er navnet på hovedpersonen i filmen 'Du skal ære din hustru'?
247;I hvilket år havde filmen 'Du skal ære din hustru' premiere?
248;Hvem spillede rollen som Ida Frandsen i filmen 'Du skal ære din hustru'?
249;Hvad er navnet på barnepigen i filmen 'Du skal ære din hustru'?
250;Hvem er kunstneren bag oliemaleriet Efterårsmorgen ved Sortedamssøen?
251;I hvilket år blev oliemaleriet Efterårsmorgen ved Sortedamssøen malet?
252;Hvor er oliemaleriet Efterårsmorgen ved Sortedamssøen udstillet?
253;Hvad er navnet på søen, der er afbildet i oliemaleriet Efterårsmorgen ved Sortedamssøen?
254;Hvad er størrelsen på oliemaleriet Efterårsmorgen ved Sortedamssøen?
255;Hvad er navnet på det nye rådhus i Aarhus?
256;Hvem var arkitekterne bag det nye rådhus i Aarhus?
257;I hvilket år blev det nye rådhus i Aarhus indviet?
258;Hvor mange klokker har Aarhus Rådhus' klokkespil?
259;Hvem designede møblerne til Aarhus Rådhus?
260;Hvem skrev digtet Det er Knud, som er død?
261;Hvad var det fulde navn på Knud i digtet Det er Knud, som er død?
262;I hvilket år døde Knud Rasmussen, i Det er Knus, som er død?
263;I hvilket år blev digtet Det er Knud, som er død offentliggjort i Politiken?
264;Hvem satte digtet Det er Knud, som er død i musik i 2012?
265;Hvem skrev Ditte Menneskebarn?
266;Hvor gammel var Ditte da hun fik sit første barn?
267;Hvad var Ditte's mors navn, i Ditte Menneskebarn?
268;I hvilket år blev første del af bogen, Ditte Menneskebarn, filmatiseret?
269;Hvad var navnet på den sø, hvor Ditte forestillede sig at sidde og drømme sig hjem til Bedste, i Ditte Menneskebarn?
270;Hvad er navnet på Gasolin's sjette album, der udkom i 1976?
271;Hvem er fotografen bag billederne til coveret af 'Live sådan'?
272;Hvor mange spor indeholder albummet 'Live sådan, af Gasolin'?
273;I hvilket år blev sangen 'Hva' gør vi nu, lille du' indspillet i Sweet Silence Studio i København?
274;Hvad er navnet på det pladeselskab, der udgav 'Live sådan'?
275;I hvilket år blev digtsamlingen Anubis udgivet?
276;Hvem er forfatteren til digtsamlingen Anubis?
277;Hvor findes originalmanuskriptet samt en række kladder til Anubis?
278;Hvad er navnet på den ægyptiske gud, der beskrives i digtet Anubis?
279;Hvor mange strofer består digtet Anubis af?
280;Hvornår blev Mariebjerg Kirkegård officielt indviet?
281;Hvem var arkitekten bag Mariebjerg Kirkegård?
282;Hvad er arealet på Mariebjerg Kirkegård?
283;Hvem modtog Eckersberg medaljen i 1937 for sit arbejde på Mariebjerg Kirkegård?
284;Hvem designede kapellet og krematoriet på Mariebjerg Kirkegård?
285;Hvad er et andet navn for folkevisen i international litteraturvidenskab?
286;Hvilken funktion havde folkeviserne?
287;Hvornår gik folkeviserne først af mode?
288;Hvordan blev folkeviserne traditionelt overleveret?
289;Hvad er navnet på værket, der samler alle kendte danske folkeviser?
290;Hvad er navnet på filmen fra 1966, der er instrueret af Henning Carlsen?
291;Hvem spiller hovedrollen i filmen 'Sult' fra 1966?
292;I hvilket år fik Per Oscarsson Bodilprisen for bedste mandlige hovedrolle for sin rolle i 'Sult'?
293;Hvem har skrevet romanen 'Sult', som filmen fra 1966 er baseret på?
294;Hvad er navnet på den norske by, hvor handlingen i filmen 'Sult' foregår?
295;I hvilket år blev sangen Kald det kærlighed udgivet?
296;Hvem er sangskriveren bag Kald det kærlighed?
297;Hvad er navnet på albummet, hvor Kald det kærlighed oprindeligt blev udgivet?
298;I hvilket år blev Kald det kærlighed første gang udgivet på et album?
299;Hvad er længden af sangen Kald det kærlighed?
300;I hvilket år blev albummet 'Aura' udgivet?
301;Hvem var producer på Miles Davis' album 'Aura'?
302;Hvad er navnet på det koncertsted, hvor Miles Davis indspillede 'Aura'?
303;Hvem komponerede musikken til 'Aura'?
304;Hvad er navnet på den pris, som Miles Davis modtog i 1984, og som var årsagen til, at Palle Mikkelborg komponerede 'Aura'?
305;Hvem sang 'Glemmer du' i filmen Odds 777 fra 1932?
306;Hvem har skrevet teksten til 'Glemmer du'?
307;Hvem har komponeret musikken til 'Glemmer du'?
308;I hvilket år blev 'Glemmer du' indspillet?
309;Hvem har indsunget 'Glemmer du' i 1976?
310;Hvad er navnet på det første digt i tekstsamlingen Ældre Edda?
311;I hvilken periode blev Vølvens spådom sandsynligvis skrevet?
312;Hvem er forfatteren til Vølvens spådom?
313;I hvilke manuskripter er Vølvens spådom bevaret i to komplette udgaver?
314;Hvad er navnet på den drage, der bærer lig i sine vinger i Vølvens spådom?
315;Hvornår blev Carl Nielsens Symfoni nr. 4 færdig?
316;Hvad er tilnavnet på Symfoni nr. 4?
317;Hvilket baggrund er Symfoni nr. 4 skrevet på?
318;Hvor mange satser består Symfoni nr. 4 af?
319;Hvor mange år tog det Carl Nielsen at skrive Symfoni nr. 4?
320;I hvilket år blev Pantonstolen designet?
321;Hvem designede Pantonstolen?
322;Hvad er materialet i Pantonstolen?
323;I hvilket år blev Pantonstolen første gang fremvist i et dansk designmagasin?
324;Hvad er navnet på den møbelfabrikant, der begyndte at sælge Pantonstolen i 1960'erne?
325;Hvem instruerede filmen 'Idioterne'?
326;Hvad er navnet på den gruppe, der udlever deres 'indre idiot' i Idioterne?
327;I hvilket år havde filmen 'Idioterne' premiere?
328;Hvem spillede rollen som Karen i filmen 'Idioterne'?
329;Hvad er navnet på den pris, som Bodil Jørgensen vandt for sin rolle som Karen i Idioterne?
330;I hvilket år blev albummet Tidens tern udgivet?
331;Hvem er producerne af albummet Tidens tern?
332;Hvad er navnet på det pladeselskab, der udgav albummet Tidens tern?
333;Hvor mange eksemplarer af albummet Tidens tern er solgt?
334;Hvem er tekstforfatter og sanger på albummet Tidens tern?
335;I hvilket år blev maleriet Støvkornenes dans i solstrålerne malet?
336;Hvem er maleren bag værket Støvkornenes dans i solstrålerne?
337;Hvor er maleriet Støvkornenes dans i solstrålerne udstillet?
338;Hvad er størrelsen på maleriet Støvkornenes dans i solstrålerne?
339;I hvilken by befinder Ordrupgaard sig, hvor maleriet Støvkornenes dans i solstrålerne er udstillet?
340;I hvilket år blev Julemandshæren etableret?
341;Hvem stod bag Julemandshæren?
342;Hvor mange personer deltog i Julemandshæren?
343;Hvad var navnet på dokumentarfilmen om Julemandshæren?
344;Hvad betegnes "Julemandshæren" som?
345;I hvilket år blev Hundredvisebog af Anders Sørensen Vedel udgivet?
346;Hvilket år blev "Germand Gladensvend" trykt for første gang?
347;I hvilket år blev Hjertebogen anlagt?
348;Hvad er navnet på den kvinde, der finder Germands hånd i visen Germand Gladensvend?
349;Hvad er navnet på trolden, der optræder i form af en ravn i visen Germand Gladensvend?
350;Hvem skrev digtet Jens Vejmand?
351;Hvem komponerede melodien til Jens Vejmand?
352;I hvilket år blev Jens Vejmand uropført?
353;Hvem var inspirationen til digtet Jens Vejmand?
354;I hvilket år døde Jens Nielsen fra Jens Vejmand?
355;Hvornår blev Knud V. Engelhardt født?
356;Hvad var navnet på Knud V. Engelhardts far?
357;Hvilket år døde Knud V. Engelhardt?
358;Hvor lå basarbygningen 'Flueøjnene', som Knud V. Engelhardt designede?
359;Hvad var navnet på den pris, som Knud V. Engelhardt modtog i 1927?
360;Hvem er forfatteren til digtet Øjeblik?
361;I hvilket år blev digtsamlingen Efterladte digte udgivet?
362;Hvad er navnet på forlaget, der udgav digtsamlingen Efterladte digte?
363;I hvilket år omkom Morten Nielsen?
364;Hvad er antallet af strofer i digtet Øjeblik?
365;I hvilket år blev sangen Gå ud og gå en tur lanceret i filmen Mød mig på Cassiopeia?
366;Hvem var tekstforfatter til sangen Gå ud og gå en tur?
367;Hvem komponerede musikken til sangen Gå ud og gå en tur?
368;Hvem sunget sangen Gå ud og gå en tur i filmen Mød mig på Cassiopeia?
369;I hvilken genre kan sangen Gå ud og gå en tur indordnes?
370;I hvilket år blev Det var en lørdag aften første gang trykt?
371;Hvem stod for bearbejdningen af Det var en lørdag aften i 1849?
372;Hvad er navnet på den kunstner, der malede En ung jysk bondepige skriver vennens navn på den duggede rude?
373;Hvem var komponisten bag den kendte melodi til Det var en lørdag aften?
374;I hvilket toneart er Det var en lørdag aften noteret i Danmarks Melodibog?
375;Hvornår blev Hover Kirke opført?
376;Hvor mange præster har haft deres tjeneste i Hover sogn siden 1903?
377;Hvem har bygget orglet i Hover Kirke?
378;Hvad er navnet på den lille å, der løber nær Hover Kirke?
379;Hvor mange stemmer har orglet i Hover Kirke?
380;I hvilket år havde filmen 'Festen' premiere?
381;Hvem instruerede filmen 'Festen'?
382;Hvad er navnet på den danske film, der var den første 'dogmefilm'?
383;Hvem spillede hovedrollen i filmen 'Festen'?
384;Hvad var titlen på radioprogrammet, hvor historien om 'Allan' blev fortalt?
385;I hvilket år blev romanen Ved Vejen udgivet?
386;Hvem er forfatteren til romanen Ved Vejen?
387;Hvad er navnet på den kvinde, der er hovedpersonen i romanen Ved Vejen?
388;I hvilket år blev *Ved Vejen* filmatiseret?
389;Hvem illustrerede udgaven af Ved Vejen fra 1898?
390;Hvad er syrinx?
391;Hvilken funktion har kald mellem voksne fugle?
392;Hvad er en subsang?
393;Hvilken fugleart er kendt for at efterligne andre fuglestemmer og endda menneskestemmer?
394;Hvornår på dognet er fuglesang mest intens?
395;Hvad er navnet på planen for Københavns udvikling, der blev lavet i 1947?
396;Hvem var leder af Egnsplankontoret, der udarbejdede Fingerplanen?
397;Hvad er Fingerplanen en plan for?
398;Hvor mange etaper bestod Fingerplanen af?
399;I hvilket år blev byreguleringsloven vedtaget, delvist som følge af Fingerplanen?
400;I hvilket år blev digtet Personen på toppen udgivet?
401;Hvem er forfatteren til digtet Personen på toppen?
402;Hvad er navnet på samlingen, hvor digtet Personen på toppen er udgivet?
403;Hvem er udgiveren af samlingen Praksis, band 9: Det gentagnes musik?
404;Hvor mange sætninger består digtet af?
405;Hvornår blev Vor Frue Kirke opført?
406;Hvem var arkitekten bag den nuværende Vor Frue Kirke i København?
407;Hvad er navnet på den kunstner, der har lavet skulpturen 'Jason med det gyldne skind'?
408;I hvilket år blev Københavns bombardement udført?
409;Hvem var kronprinsen, der blev viet i Vor Frue Kirke i 2004?
410;Hvem skrev sangen Danmark, nu blunder den lyse nat?
411;I hvilket år blev sangen Danmark, nu blunder den lyse nat første gang trykt?
412;Hvem komponerede den mest kendte melodi til sangen Danmark, nu blunder den lyse nat?
413;I hvilken bog var sangen Danmark, nu blunder den lyse nat også med i?
414;Hvem har også skrevet en melodi til Danmark, nu blunder den lyse nat få år efter udgivelsen af melodibogen?
415;Hvem er forfatteren til skuespillet 'Indenfor Murene'?
416;I hvilket år havde 'Indenfor Murene' premiere på Det Kongelige Teaters Gamle Scene?
417;Hvad er navnet på den unge kvindelige hovedperson i 'Indenfor Murene'?
418;Hvem er Esthers forlovede i skuespillet Indenfor Murene?
419;Hvor mange gange blev 'Indenfor Murene' opført på Det Kongelige Teater i de første 50 år efter premieren?
420;Hvem skabte Fingernummeret?
421;I hvilket år blev Fingernummeret præsenteret i Cirkusrevyen?
422;Hvem var den oprindelige skaber af Fingernummeret?
423;Hvilken af de to danske skaber af Fingernummeret, Dirck passer og Preben Kaas, fremførte nummeret?
424;I hvilket amerikansk show optrådte Art Metrano med Fingernummeret?
425;Hvem var arkitekten bag Operahuset i Sydney?
426;Hvad er navnet på den koncertsal i Operahuset i Sydney, der har 2.679 siddepladser?
427;Hvilket år blev Operahuset i Sydney officielt åbnet?
428;Hvem var den finsk-amerikanske arkitekt, der hjalp med at redde Jørn Utzons bidrag til arkitektkonkurrencen?
429;Hvad er navnet på den danske ingeniør, der lavede beregningerne for de udvendige bygningsdele på Operahuset i Sydney?
430;I hvilket år blev maleriet Stalingrad udstillet på verdensudstillingen i Seattle?
431;Hvad er det alternative navn for maleriet Stalingrad?
432;Hvem malede videre på maleriet Stalingrad i 1965 og 1972?
433;Hvor hænger maleriet Stalingrad i dag?
434;Hvem har inspireret Asger Jorn til at lave maleriet Stalingrad?
435;I hvilket år blev filmen Pelle Erobreren udgivet?
436;Hvem instruerede filmen Pelle Erobreren?
437;Hvem spillede rollen som Pelle i filmen Pelle Erobreren?
438;Hvem spillede rollen som Lassefar i filmen Pelle Erobreren?
439;Hvad var navnet på den pris, som filmen Pelle Erobreren vandt i 1988?
440;Hvem skrev digtet Det er hvidt herude?
441;I hvilket år blev Det er hvidt herude udgivet i digtsamlingen Trækfuglene?
442;Hvem komponerede melodien til Det er hvidt herude?
443;I hvilket år blev Thomas Laubs komposition af Det er hvidt herude udgivet?
444;Hvem arrangerede en instrumental jazzudgave af Det er hvidt herude i tv-serien Hun roder med den danske sangskat?
445;I hvilket år blev Sommerfugledalen udgivet?
446;Hvem er forfatteren til digtsamlingen Sommerfugledalen?
447;Hvad er navnet på forlaget der udgav Sommerfugledalen?
448;Hvad er det geografiske område hvor digtet til Sommerfugledalen finder sted?
449;Hvem har komponeret et vokalværk til digtene i Sommerfugledalen?
450;I hvilket år blev sangen Åh, hvor jeg, ih, hvor jeg, uh, hvor jeg vil indspillet?
451;Hvem var tekstforfatterne bag sangen Åh, hvor jeg, ih, hvor jeg, uh, hvor jeg vil?
452;Hvem komponerede musikken til sangen Åh, hvor jeg, ih, hvor jeg, uh, hvor jeg vil?
453;I hvilken film blev sangen Åh, hvor jeg, ih, hvor jeg, uh, hvor jeg vil lanceret?
454;Hvem sang Åh, hvor jeg, ih, hvor jeg, uh, hvor jeg vil i filmen De blå drenge?
455;Hvem sunger sangen Er du dus med himlens fugle i filmen Vagabonderne på Bakkegården?
456;Hvem har skrevet teksten til sangen Er du dus med himlens fugle?
457;I hvilket år blev sangen Er du dus med himlens fugle indspillet?
458;Hvem har komponeret musikken til sangen Er du dus med himlens fugle?
459;I hvilken film blev sangen Er du dus med himlens fugle brugt?
460;Hvem er forfatteren til digtet Regnmåleren?
461;I hvilket år blev digtsamlingen Grønne Digte udgivet?
462;Hvad er navnet på forlaget, der udgav Grønne Digte?
463;Rimer digtet Regnmåleren?
464;Hvordan er digtet Regnmåleren opdelt?
465;Hvem skrev digtet Til Siælen. En Ode?
466;I hvilket år blev Til Siælen. En Ode udgivet?
467;Hvad er navnet på samlingen, hvor Til Siælen. En Ode blev udgivet?
468;Hvad er antallet af strofer i digtet Til Siælen. En Ode?
469;Hvad er antallet af linjer pr. strofe i digtet Til Siælen. En Ode?
470;Hvem instruerede tegnefilmen Bennys badekar?
471;Hvad er navnet på drengen i tegnefilmen Bennys badekar?
472;Hvad er navnet på haletudsen i tegnefilmen Bennys badekar?
473;Hvad er navnet på skuespeilleren bag blæksprutten i tegnefilmen Bennys badekar?
474;Hvilket år havde filmen Bennys badekar premiere?
475;Hvad er titlen på filmen fra 1981, der er instrueret af Nils Malmros?
476;Hvem spiller rollen som Elin i filmen 'Kundskabens træ'?
477;Hvad er navnet på skolen, hvor filmen 'Kundskabens træ' foregår?
478;Hvem har skrevet manuskriptet til filmen 'Kundskabens træ'?
479;I hvilket år havde filmen 'Kundskabens træ' premiere?
480;Hvad er navnet på det første album udgivet af The Savage Rose?
481;Hvem er produceren bag The Savage Roses debutalbum?
482;Hvilket pladeselskab udgav The Savage Roses debutalbum?
483;Hvem er lydteknikeren bag The Savage Roses debutalbum?
484;Hvad er navnet på den kvinde, der synger på The Savage Roses debutalbum?
485;Hvordan er plankerne på et vikingeskib sat sammen?
486;Hvad er navnet på den type vikingeskib, der er bygget til rejser på Atlanterhavet?
487;Hvad er navnet på den type vikingeskib, der er karakteriseret ved sit yndefulde, lange smalle og lette udseende?
488;Hvad er navnet på den teknik, som vikingerne brugte til at bygge deres skibe?
489;Hvad er navnet på det museum, der har fremstillet mange rekonstruktioner af vikingeskibe?
490;Hvem skrev digtet 'Danmark, mit Fædreland'?
491;I hvilket år blev 'Danmark, mit Fædreland' skrevet?
492;Hvem komponerede den første melodi til 'Danmark, mit Fædreland'?
493;Hvem komponerede en ny melodi til 'Danmark, mit Fædreland' i 1926?
494;Hvad er den alternative titel for 'Danmark, mit Fædreland'?
495;I hvilket år blev diftsamlingen 'Lyriske digte' udgivet?
496;Hvad er navnet på digtet fra 1849 skrevet af Christian Winther?
497;Hvor mange linjer består digtet Rosa unica af?
498;Er digtet Rosa unica strofeopdelt?
499;I hvilken gruppe er Rosa unica placeret i Lyriske digte?
500;Hvilken type af skibe kaldes Supertanker?
501;Hvad betyder VLCC?
502;Hvad er navnet på den største supertanker i 2006?
503;Hvilken nationalitet havde fartøjet Knock Nevis?
504;Hvad er den fulde lasteevne af Knock Nevis?
505;Hvem har udført kalkmaleriet 'Opstandelsen' i Undløse Kirke?
506;I hvilken periode blev kalkmaleriet 'Opstandelsen' malet?
507;Hvor mange loftshvælvinger har Undløse Kirke, og hvordan er de inddelt?
508;Hvad forestiller Jesus i kalkmaleriet 'Opstandelsen'?
509;Hvor meget skal blev Undløse Kirkes kalkmalerier af opstandelses sat i stand for i 2012?
510;Hvem skrev novellen Præsten i Vejlbye?
511;I hvilket år blev novellen Præsten i Vejlbye udgivet?
512;Hvad er navnet på den herredsfoged, der er hovedperson i novellen Præsten i Vejlbye?
513;Hvem er den kvinde, som Erik Sørensen er forelsket i og senere bliver forlovet med i Præsten i Vejlbye?
514;Hvad er navnet på den mand, der er anklaget for mord i novellen Præsten i Vejlbye?
515;Hvem var komponisten bag sangen 'Heksedansen'?
516;I hvilket år blev sangen 'Heksedansen' indspillet af Raquel Rastenni?
517;Hvad er navnet på pladeselskabet, der udgav Raquel Rastennis version af 'Heksedansen'?
518;Hvem oversatte den norske vise 'Heksedansen' til dansk?
519;Hvad er varigheden af Raquel Rastennis indspilning af 'Heksedansen'?
520;Hvem sang 'Duerne flyver' i filmen 'Jeg er sgu min egen' fra 1967?
521;Hvem skrev teksten til sangen 'Duerne flyver'?
522;Hvem komponerede melodien til sangen 'Duerne flyver'?
523;I hvilken toneart er sangen 'Duerne flyver' primært holdt?
524;Hvor lang var den originale filmudgave af sangen 'Duerne flyver'?
525;I hvilket år blev Indvielsen udgivet?
526;Hvem er forfatteren til digtet Indvielsen?
527;Hvad er navnet på samlingen, hvor Indvielsen blev udgivet?
528;Hvad er antallet af strofer i digtet Indvielsen?
529;Hvad er antallet af linjer i hver strofe i digtet Indvielsen?
530;I hvilket år blev operaen Holger Danske komponeret?
531;Hvem var komponisten bag operaen Holger Danske?
532;Hvad er navnet på den første opera, der blev skrevet i Danmark?
533;Hvem var librettisten bag operaen Holger Danske?
534;Er operaen Holger Danske en del af den danske kulturkanon?
535;Hvem skrev Jammers Minde?
536;I hvilke år sad Leonora Christina fængslet i Blåtårn?
537;Hvor befinder originalmanuskriptet til Jammers Minde sig i dag?
538;I hvilket år blev Jammers Minde første gang udgivet?
539;Hvem var Leonora Christinas ægtefælle, der blev mistænkt for forræderi?
540;Hvor stor er Glorup i hektar?
541;Hvem har tegnet landsbyen i cottage-stil på Glorup?
542;I hvilket år fik Glorup sit nye tag?
543;Hvem var en hyppig gæst på Glorup?
544;Hvor mange hektar ager jord har Glorup?
545;I hvilket år blev Og andre historier udgivet?
546;Hvem er forfatteren til Og andre historier?
547;Hvor mange noveller indeholder samlingen Og andre historier?
548;Hvad er navnet på forlaget, der udgav Og andre historier?
549;Hvad er titlen på den første novelle i samlingen Og andre historier?
550;I hvilket år blev Testellet fra 1956 designet?
551;Hvem designede Testellet fra 1956?
552;Hvilke dele består Testellet fra 1956 af?
553;Hvad var inspirationen bag designet af Testellet fra 1956?
554;Hvilken inspiration fik Gertrud Vasegaard til udformningen af de runde kopper da hun designede Testellet fra 1956?
555;Hvem er forfatteren til romanen Fru Marie Grubbe?
556;I hvilket år blev Fru Marie Grubbe udgivet?
557;Hvad er navnet på den mand, som Marie Grubbe gifter sig med i romanen?
558;Hvad er navnet på den kro, hvor Marie og Søren mødes, i Fru Marie Grubbe?
559;I hvilket år dør Erik Grubbe, i Fru Marie Grubbe?
560;Hvem er forfatteren til komedien 'Jeppe på Bjerget'?
561;Hvad er navnet på landsbyen, hvor Jeppe er fæstebonde, i Jeppe på Bjerget?
562;Er Jeppe på Bjerget en komedie eller drama genre?
563;Hvad er året komedien 'Jeppe på Bjerget' blev udgivet?
564;Hvem er Jeppe gift med i komedien Jeppe på Bjerget?
565;I hvilket år skabte kunstneren Gunnar Aagaard Andersen Stol af opskummet polymer?
566;Hvad er det engelske navn for Stol af opskummet polymer?
567;Hvad er navnet på virksomheden, som Gunnar Aagaard Andersen besøgte for at skabe Stol af opskummet polymer?
568;I hvilket museum i New York City er en af Polyetherstolene udstillet?
569;Hvad er navnet på kunstneren, der skabte Stol af opskummet polymer?
570;I hvilket år blev digtet Sidenius i Esbjerg udgivet?
571;Hvem er forfatteren til digtet Sidenius i Esbjerg?
572;Hvad er navnet på den samling, hvor digtet Sidenius i Esbjerg første gang blev udgivet?
573;I hvor mange strofer er digtet Sidenius i Esbjerg opdelt?
574;Hvem er den Sidenius der omtales i digtet, sandsynligvis baseret på?
575;I hvilket år blev Elverskud komponeret?
576;Hvem komponerede Elverskud?
577;Hvad er den overordnede handling i "Elverskud"?
578;Hvem skrev teksten til Elverskud?
579;I hvilket år blev Elverskud uropført?
580;I hvilket år startede udgivelsen af Flora Danica?
581;Hvem var hovedredaktøren bag Flora Danica?
582;Hvad er navnet på det porcelænsstel, der blev dekoreret med planter fra Flora Danica?
583;I hvor mange år strakte udgivelsen af Flora Danica sig?
584;Hvem var den sidste redaktør af Flora Danica?
585;I hvilket år blev Skolekammerater fremført i revyen ABC for viderekomne på ABC Teatret?
586;Hvem skrev teksten til Skolekammerater?
587;Hvem spillede med i sketchen Skolekammerater?
588;I hvilken by lå skolerne Nansensgades Skole og Rughavevejs Skole?
589;Hvad var navnet på filmen hvor Skolekammerater blev genskabt med Lars Ranthe og Nikolaj Lie Kaas?
590;Hvad er titlen på sangen, der er skrevet af Anne Linnet og udgivet på albummet 'Shit & Chanel' i 1976, som blev et kæmpe hit?
591;Hvem er tekstforfatter og komponist bag sangen 'Smuk og dejlig'?
592;I hvilket år blev sangen 'Smuk og dejlig' udgivet?
593;Hvem har indspillet en coverversion af sangen 'Smuk og dejlig' i 1989?
594;Hvad er navnet på det debutalbum, hvor sangen 'Smuk og dejlig' er inkluderet?
595;Hvem skrev Telegrafgalop?
596;I hvilket år blev Telegrafgalop skrevet?
597;Hvad er det originale navn for Telegrafgalop?
598;Hvem er komponisten bag Champagnegalop og Københavns Jernbane-Damp-Galop?
599;Er musikstykket Telegrafgalop af H.C. Lumbye betegnet som en 'galop'?
600;Hvem skrev skuespillet Aladdin, eller Den forunderlige Lampe?
601;I hvilket år blev Aladdin, eller Den forunderlige Lampe trykt i Poetiske Skrifter, bind 2?
602;Hvad er navnet på den danske tv-station, der har filmatiseret Aladdin, eller Den forunderlige Lampe to gange?
603;Hvem spillede rollen som Aladdin i filmatiseringen fra 1952?
604;I hvilke år blev Aladdin, eller Den forunderlige Lampe filmatiseret som en miniserie i tre afsnit?
605;Hvem er kunstneren bag maleriet Sommerdag ved Roskilde Fjord?
606;I hvilket år blev maleriet Sommerdag ved Roskilde Fjord malet?
607;Hvor hænger maleriet Sommerdag ved Roskilde Fjord i dag?
608;Hvad er navnet på bogserien, der indeholder en beskrivelse af L.A. Rings livsværk?
609;Hvem er forfatteren bag bogen Før solopgang. Omkring et billede af L.A. Ring?
610;Hvem malede Udsigt gennem tre buer i Colosseums tredje stokværk?
611;I hvilket år blev maleriet Udsigt gennem tre buer i Colosseums tredje stokværk udført?
612;Hvor er maleriet Udsigt gennem tre buer i Colosseums tredje stokværk udstillet?
613;Hvad er målene på maleriet Udsigt gennem tre buer i Colosseums tredje stokværk?
614;Hvem var den danske guldaldermaler, der malede Jason med det gyldne skind?
615;I hvilket år blev Dansk guldalderjazz udgivet?
616;Hvilken periode er blevet betegnet som dansk jazz' guldalder i Dansk guldalderjazz?
617;Hvad er navnet på pladeselskabet bag Dansk guldalderjazz?
618;I hvilke år blev Dansk guldalderjazz genudsendt?
619;Hvem har udvalgt musikken til Dansk guldalderjazz?
620;Hvem er kunstneren bag skulpturen 'Stående kvinde'?
621;I hvilket år blev arbejdet med 'Stående kvinde' påbegyndt?
622;Hvad er materialet for skulpturen 'Stående kvinde'?
623;Hvor høj er skulpturen 'Stående kvinde'?
624;Hvor befinder skulpturen 'Stående kvinde' sig i dag?
625;Hvem komponerede 'Champagnegalop'?
626;Hvor blev 'Champagnegalop' første gang opført?
627;Til fejringen af hvilken forlystelsespark blev 'Champagnegalop' komponeret?
628;Hvor meget modtog H.C. Lumbye i honorar for 'Champagnegalop'?
629;Hvornår blev 'Champagnegalop' komponeret?
630;I hvilket år blev sangen Brev til Bulganin udgivet?
631;Hvem var komponisten bag sangen Brev til Bulganin?
632;Hvad er navnet på den købmand, der synger sangen Brev til Bulganin?
633;I hvilken bydel ligger købmandens butik, ifølge sangteksten Brev til Bulganin?
634;Hvem er modtageren af brevet i sangen Brev til Bulganin?
635;Hvem er forfatteren til digtet Myggesang?
636;I hvilket år blev digtsamlingen Galgenfrist udgivet?
637;Hvilken krig prægede Ivan Malinowski i digtet Myggesang?
638;I hvilken digtsamling blev ditet myggesang udgivet?
639;Hvem er den moderne digter, der har skrevet digtet Myggesang, som er præget af den kolde krigs angst og undergangsstemning?
640;I hvilket år blev Otte morgensange udgivet?
641;Hvem skrev musikken til Otte morgensange og Syv aftensange?
642;Hvad er navnet på den første sang i Otte morgensange?
643;I hvilket år blev Syv aftensange udgivet?
644;Hvem skrev teksterne til Otte morgensange og Syv aftensange?
645;Hvem skrev musikken til 'To lys på et bord'?
646;Hvem skrev teksten til 'To lys på et bord'?
647;I hvilket år deltog 'To lys på et bord' i Dansk Melodi Grand Prix?
648;Hvem anses for at have lavet en af de bedste versioner af 'To lys på et bord'?
649;Hvad er navnet på den kortfilm, hvor en engelsk version af 'To lys på et bord' indgår som et fremtrædende element?
650;I hvilket år blev Hver har sin skæbne skrevet?
651;Hvem skrev Hver har sin skæbne?
652;Hvad er navnet på salmebogen hvor Hver har sin skæbne er med?
653;I hvilket nummer kan Hver har sin skæbne findes i Den Danske Salmebog?
654;Hvem skrev en ny melodi til Hver har sin skæbne i 1916?
655;I hvilket år blev Kim Larsens debutalbum Værsgo udgivet?
656;Hvad er navnet på den danske sanger og musiker, der udgav debutalbummet Værsgo?
657;Hvem var produceren bag Kim Larsens debutalbum Værsgo?
658;I hvilket år blev albummet Værsgo genudgivet på CD?
659;Hvad er navnet på den danske duo, der genindspillede sangen Hvis din far gi'r dig lov på albummet Værsgo 2 i 2005?
660;Hvem komponerede operaen Maskarade?
661;Hvad er navnet på den opera, som Carl Nielsen komponerede i 1902?
662;Hvem skrev librettoen til operaen Maskarade?
663;I hvilket år fik operaen Maskarade premiere på Det Kongelige Teater?
664;Hvad er navnet på den komedie, som operaen Maskarade er baseret på?
665;Hvem koreograferede den oprindelige version af balletten Sylfiden?
666;Hvad er navnet på den danske komponist, der skrev musikken til August Bournonvilles version af Sylfiden?
667;I hvilket år havde August Bournonvilles version af Sylfiden premiere?
668;Hvem spillede hovedrollen som Sylfiden ved premieren af August Bournonvilles version?
669;Hvor havde August Bournonvilles version af Sylfiden premiere?
670;I hvilke år blev Det Store Relief udført?
671;Hvem var kunstneren bag Det Store Relief?
672;Hvor blev Det Store Relief oprindeligt udstillet?
673;Hvor blev Det Store Relief flyttet hen i forbindelse med opførelsen af Willumsens Museum?
674;Hvem bestilte Det Store Relief med støtte fra Ny Carlsbergfondet?
675;I hvilket år blev balletten Etudes første gang opført på Det Kongelige Teater?
676;Hvem komponerede musikken til balletten Etudes?
677;Hvem var instruktøren bag balletten Etudes?
678;Hvad er navnet på den komponist, hvis klaveretuder balletten Etudes bygger på?
679;I hvilket år blev Etudes opført ved åbningen af Operaen?
680;Hvem skrev Midsommervisen?
681;Hvem komponerede melodien til Midsommervisen?
682;I hvilket år blev Midsommervisen skrevet?
683;I hvilket år udgav Shu-bi-dua en version af Midsommervisen kaldet Midsommersangen?
684;Hvad er det populære navn for visen Vi elsker vort land?
685;I hvilket år blev Lykke-Per udgivet?
686;Hvad er navnet på den kvinde, som Per Sidenius forelsker sig i, og som han senere gifter sig med, i Lykke-Per?
687;Hvad er navnet på Per Sidenius' forældre, i Lykke-Per?
688;I hvilket år dør Per Sidenius' far, i Lykke-Per?
689;Hvad er navnet på den jødiske familie, som Per Sidenius kommer i kontakt med, i Lykke-Per?
690;Hvad er titlen på Karen Blixens novellesamling fra 1942?
691;I hvilket år udgav Karen Blixen sin selvbiografiske roman Den afrikanske Farm?
692;Hvad er navnet på den unge mand, der er hovedperson i novellen Den unge Mand med Nelliken?
693;I hvilket land finder man byen Saarburg, hvor Heloïse og de andre flygtninge er på flugt, i Vinter-Eventyr?
694;Hvad er titlen på den sidste novelle i Vinter-Eventyr?
695;I hvilket år blev operaen Drot og marsk først opført?
696;Hvem skrev librettoen til Drot og marsk?
697;Hvad er navnet på den danske opera, som er baseret på historien om Marsk Stig og mordet på Erik Klipping?
698;Hvem komponerede musikken til operaen Drot og marsk?
699;Hvilket teater var stedet for opførelsen af *Drot og marsk*?
700;Hvad er navnet på Sebastians 12. studiealbum?
701;I hvilket år blev albummet 'Stjerne til støv' udgivet?
702;Hvem er producerne bag albummet 'Stjerne til støv'?
703;Hvad er navnet på den første single fra albummet 'Stjerne til støv'?
704;Hvor mange eksemplarer af albummet 'Stjerne til støv' blev solgt?
705;Hvem skrev salmen 'Den yndigste rose er funden'?
706;Hvad er navnet på den melodi, som salmen 'Den yndigste rose er funden' normalt synges til?
707;I hvilket år blev salmen 'Den yndigste rose er funden' skrevet?
708;Hvor mange vers består salmen 'Den yndigste rose er funden' af i Den Danske Salmebog?
709;Hvem komponerede en fanfare over melodien til 'Den yndigste rose er funden'?
710;Hvor blev Fiberline Composites udviklet?
711;Hvad er navnet på det idrætscenter, hvor Fiberline facadesystem blev anvendt i 2008?
712;I hvilket land blev fiberline facadesystem udviklet?
713;Hvilket arkitektfirma var med til at udvikle Fiberline facadesystem?
714;Hvad er Fiberline facadesystem lavet af?
715;I hvilket år havde filmen 'Vredens dag' premiere?
716;Hvem instruerede filmen 'Vredens dag'?
717;Hvad er navnet på den kvindelige hovedrolle i filmen 'Vredens dag'?
718;Hvem spillede rollen som Absalon Pedressøn i filmen 'Vredens dag'?
719;Hvad er navnet på den gamle kvinde, der søger tilflugt i præstegården i filmen 'Vredens dag'?
720;Hvem er forfatterne til sangen 'Danmark' fra albummet 78'eren?
721;Hvad er navnet på det Shu-bi-dua album, hvor sangen 'Danmark' er inkluderet?
722;Hvilken genre er sangen 'Danmark' af Shu-bi-dua?
723;I hvilket år blev sangen 'Danmark' af Shu-bi-dua udgivet?
724;Hvad er navnet på pladeselskabet, der udgav sangen 'Danmark' af Shu-bi-dua?
725;I hvilket år blev Aarhus Universitet grundlagt?
726;Hvad er navnet på Aarhus universitets hovedbygning?
727;Hvem er rektor for Aarhus Universitet?
728;Hvor mange studerende havde Aarhus Universitet i 2021?
729;I hvilket år fik Aarhus Universitet statsanerkendelse?
730;Hvem designede Bordesholmalteret?
731;Hvor høj er Bordesholmalteret?
732;I hvilket år blev Bordesholmalteret flyttet til Slesvig Domkirke?
733;Hvem har skrevet bogen 'Bordesholmalteret i Slesvig Domkirke'?
734;Hvor bred er Bordesholmalteret?
735;Hvem er komponisten og tekstforfatteren bag sangen 'Så længe jeg lever'?
736;I hvilket år blev sangen 'Så længe jeg lever' indspillet?
737;Hvad er genrebetegnelsen for sangen 'Så længe jeg lever'?
738;Hvem har lavet en film om John Mogensens liv med titlen 'Så længe jeg lever'?
739;Hvor lang er sangen 'Så længe jeg lever' af John Mogensen?
740;I hvilket år blev skuespillet Ordet skrevet?
741;Hvem skrev skuespillet Ordet?
742;Hvor blev Ordet uropført i 1932?
743;Hvem instruerede Ordet på Aarhus Teater to måneder efter uropførelsen?
744;Hvem filmatiserede Ordet i 1955?
